uct_time,launch_name,payloads,rocket_name,rocket_boosters,rocket_height,rocket_diameter,rocket_mass,launchpad_name,launchpad_region,launchpad_geo,landpad,landpad_name,landpad_type,landpad_region,landpad_geo,outcome
2006-03-24T22:30:00.000Z,FalconSat,"[{'type': 'Satellite', 'mass': 20, 'orbit': 'LEO'}]",Falcon 1,0,22.25,1.68,30146.0,Kwajalein Atoll,Marshall Islands,"(9.0477206, 167.7431292)",,,,,"(nan, nan)",Failure
2007-03-21T01:10:00.000Z,DemoSat,"[{'type': 'Satellite', 'mass': None, 'orbit': 'LEO'}]",Falcon 1,0,22.25,1.68,30146.0,Kwajalein Atoll,Marshall Islands,"(9.0477206, 167.7431292)",,,,,"(nan, nan)",Failure
2008-08-03T03:34:00.000Z,Trailblazer,"[{'type': 'Satellite', 'mass': None, 'orbit': 'LEO'}, {'type': 'Satellite', 'mass': None, 'orbit': 'LEO'}]",Falcon 1,0,22.25,1.68,,Kwajalein Atoll,Marshall Islands,"(9.0477206, 167.7431292)",,,,,"(nan, nan)",Failure
2008-09-28T23:15:00.000Z,RatSat,"[{'type': 'Satellite', 'mass': 165, 'orbit': 'LEO'}]",Falcon 1,0,22.25,1.68,,Kwajalein Atoll,Marshall Islands,"(9.0477206, 167.7431292)",,,,,"(nan, nan)",Success
2009-07-13T03:35:00.000Z,RazakSat,"[{'type': 'Satellite', 'mass': 200, 'orbit': 'LEO'}]",Falcon 1,0,22.25,1.68,30146.0,Kwajalein Atoll,Marshall Islands,"(9.0477206, 167.7431292)",,,,,"(nan, nan)",Success
2010-06-04T18:45:00.000Z,Falcon 9 Test Flight,"[{'type': 'Dragon Boilerplate', 'mass': None, 'orbit': 'LEO'}]",Falcon 9,0,70.0,3.7,549054.0,CCSFS SLC 40,Florida,"(28.5618571, -80.577366)",,,,,"(nan, nan)",Success
2010-12-08T15:43:00.000Z,COTS 1,"[{'type': 'Dragon 1.0', 'mass': None, 'orbit': 'LEO'}, {'type': 'Satellite', 'mass': None, 'orbit': 'LEO'}]",Falcon 9,0,70.0,,,CCSFS SLC 40,Florida,"(28.5618571, -80.577366)",,,,,"(nan, nan)",Success
2012-05-22T07:44:00.000Z,COTS 2,"[{'type': 'Dragon 1.0', 'mass': 525, 'orbit': 'LEO'}]",Falcon 9,0,,,549054.0,CCSFS SLC 40,Florida,"(28.5618571, -80.577366)",,,,,"(nan, nan)",Success
2012-10-08T00:35:00.000Z,CRS-1,"[{'type': 'Dragon 1.0', 'mass': 4700, 'orbit': 'ISS'}, {'type': 'Dragon 1.0', 'mass': 400, 'orbit': 'LEO'}]",Falcon 9,0,70.0,3.7,549054.0,CCSFS SLC 40,Florida,"(28.5618571, -80.577366)",,,,,"(nan, nan)",Success
2013-03-01T19:10:00.000Z,CRS-2,"[{'type': 'Dragon 1.0', 'mass': 4877, 'orbit': 'ISS'}]",Falcon 9,0,,3.7,,CCSFS SLC 40,Florida,"(28.5618571, -80.577366)",,,,,"(nan, nan)",Success
2013-09-29T16:00:00.000Z,CASSIOPE,"[{'type': 'Satellite', 'mass': 500, 'orbit': 'PO'}]",Falcon 9,0,,3.7,549054.0,VAFB SLC 4E,California,"(34.632093, -120.610829)",,,Ocean,,"(nan, nan)",Success
2013-12-03T22:41:00.000Z,SES-8,"[{'type': 'Satellite', 'mass': 3170, 'orbit': 'GTO'}]",Falcon 9,0,,3.7,549054.0,CCSFS SLC 40,Florida,"(28.5618571, -80.577366)",,,,,"(nan, nan)",Success
2014-01-06T18:06:00.000Z,Thaicom 6,"[{'type': 'Satellite', 'mass': 3325, 'orbit': 'GTO'}]",Falcon 9,0,70.0,3.7,549054.0,CCSFS SLC 40,Florida,"(28.5618571, -80.577366)",,,,,"(nan, nan)",Success
2014-04-18T19:25:00.000Z,CRS-3,"[{'type': 'Dragon 1.1', 'mass': 2296, 'orbit': 'ISS'}]",Falcon 9,0,,3.7,549054.0,CCSFS SLC 40,Florida,"(28.5618571, -80.577366)",,,Ocean,,"(nan, nan)",Success
2014-07-14T15:15:00.000Z,OG-2 Mission 1,"[{'type': 'Satellite', 'mass': 1316, 'orbit': 'LEO'}]",Falcon 9,0,,,,CCSFS SLC 40,Florida,"(28.5618571, -80.577366)",,,Ocean,,"(nan, nan)",Success
2014-08-05T08:00:00.000Z,AsiaSat 8,"[{'type': 'Satellite', 'mass': 4535, 'orbit': 'GTO'}]",Falcon 9,0,70.0,3.7,549054.0,CCSFS SLC 40,Florida,"(28.5618571, -80.577366)",,,,,"(nan, nan)",Success
2014-09-07T05:00:00.000Z,AsiaSat 6,"[{'type': 'Satellite', 'mass': 4428, 'orbit': 'GTO'}]",Falcon 9,0,70.0,3.7,549054.0,CCSFS SLC 40,Florida,"(28.5618571, -80.577366)",,,,,"(nan, nan)",Success
2014-09-21T05:52:00.000Z,CRS-4,"[{'type': 'Dragon 1.1', 'mass': 2216, 'orbit': 'ISS'}]",Falcon 9,0,,3.7,549054.0,CCSFS SLC 40,Florida,"(28.5618571, -80.577366)",,,Ocean,,"(nan, nan)",Success
2015-01-10T09:47:00.000Z,CRS-5,"[{'type': 'Dragon 1.1', 'mass': 2395, 'orbit': 'ISS'}]",Falcon 9,0,70.0,3.7,549054.0,CCSFS SLC 40,Florida,"(28.5618571, -80.577366)",,JRTI-1,ASDS,Florida,"(28.4104, -80.6188)",Success
2015-02-11T23:03:00.000Z,DSCOVR,"[{'type': 'Satellite', 'mass': 570, 'orbit': 'ES-L1'}]",Falcon 9,0,,,,CCSFS SLC 40,Florida,"(28.5618571, -80.577366)",,,Ocean,,"(nan, nan)",Success
2015-03-02T03:50:00.000Z,ABS-3A / Eutelsat 115W B,"[{'type': 'Satellite', 'mass': 4159, 'orbit': 'GTO'}]",Falcon 9,0,70.0,3.7,549054.0,CCSFS SLC 40,Florida,"(28.5618571, -80.577366)",,,,,"(nan, nan)",Success
2015-04-14T20:10:00.000Z,CRS-6,"[{'type': 'Dragon 1.1', 'mass': 1898, 'orbit': 'ISS'}]",Falcon 9,0,,3.7,549054.0,CCSFS SLC 40,Florida,"(28.5618571, -80.577366)",,JRTI-1,ASDS,Florida,"(28.4104, -80.6188)",Success
2015-04-27T23:03:00.000Z,TürkmenÄlem 52°E / MonacoSAT,"[{'type': 'Satellite', 'mass': 4707, 'orbit': 'GTO'}]",Falcon 9,0,70.0,,549054.0,CCSFS SLC 40,Florida,"(28.5618571, -80.577366)",,,,,"(nan, nan)",Success
2015-06-28T14:21:00.000Z,CRS-7,"[{'type': 'Dragon 1.1', 'mass': 1952, 'orbit': 'ISS'}]",Falcon 9,0,,3.7,,CCSFS SLC 40,Florida,"(28.5618571, -80.577366)",,OCISLY,ASDS,California,"(33.7291858, -118.262015)",Failure
2015-12-22T01:29:00.000Z,OG-2 Mission 2,"[{'type': 'Satellite', 'mass': 2034, 'orbit': 'LEO'}]",Falcon 9,0,70.0,3.7,549054.0,CCSFS SLC 40,Florida,"(28.5618571, -80.577366)",,LZ-1,RTLS,Florida,"(28.485833, -80.544444)",Success
2016-01-17T15:42:00.000Z,Jason 3,"[{'type': 'Satellite', 'mass': 553, 'orbit': 'PO'}]",Falcon 9,0,,3.7,549054.0,VAFB SLC 4E,California,"(34.632093, -120.610829)",,JRTI,ASDS,Florida,"(28.4104, -80.6188)",Success
2016-03-04T23:35:00.000Z,SES-9,"[{'type': 'Satellite', 'mass': 5271, 'orbit': 'GTO'}]",Falcon 9,0,70.0,3.7,549054.0,CCSFS SLC 40,Florida,"(28.5618571, -80.577366)",,OCISLY,ASDS,California,"(33.7291858, -118.262015)",Success
2016-04-08T20:43:00.000Z,CRS-8,"[{'type': 'Dragon 1.1', 'mass': 3136, 'orbit': 'ISS'}]",Falcon 9,0,70.0,3.7,549054.0,CCSFS SLC 40,Florida,"(28.5618571, -80.577366)",,OCISLY,ASDS,California,"(33.7291858, -118.262015)",Success
2016-05-06T05:21:00.000Z,JCSAT-2B,"[{'type': 'Satellite', 'mass': 4696, 'orbit': 'GTO'}]",Falcon 9,0,,3.7,549054.0,CCSFS SLC 40,Florida,"(28.5618571, -80.577366)",,OCISLY,ASDS,California,"(33.7291858, -118.262015)",Success
2016-05-27T21:39:00.000Z,Thaicom 8,"[{'type': 'Satellite', 'mass': 3100, 'orbit': 'GTO'}]",Falcon 9,0,,,549054.0,CCSFS SLC 40,Florida,"(28.5618571, -80.577366)",,OCISLY,ASDS,,"(33.7291858, -118.262015)",Success
2016-06-15T14:29:00.000Z,ABS-2A / Eutelsat 117W B,"[{'type': 'Satellite', 'mass': 3600, 'orbit': 'GTO'}]",Falcon 9,0,70.0,3.7,,CCSFS SLC 40,Florida,"(28.5618571, -80.577366)",,OCISLY,ASDS,,"(33.7291858, -118.262015)",Success
2016-07-18T04:45:00.000Z,CRS-9,"[{'type': 'Dragon 1.1', 'mass': 2257, 'orbit': 'ISS'}]",Falcon 9,0,70.0,,,CCSFS SLC 40,Florida,"(28.5618571, -80.577366)",,LZ-1,RTLS,,"(28.485833, -80.544444)",Success
2016-08-14T05:26:00.000Z,JCSAT-16,"[{'type': 'Satellite', 'mass': 4600, 'orbit': 'GTO'}]",Falcon 9,0,70.0,,549054.0,CCSFS SLC 40,Florida,"(28.5618571, -80.577366)",,OCISLY,ASDS,California,"(33.7291858, -118.262015)",Success
2016-09-01T13:07:00.000Z,Amos-6,"[{'type': 'Satellite', 'mass': 5500, 'orbit': 'GTO'}]",Falcon 9,0,,3.7,549054.0,CCSFS SLC 40,Florida,"(28.5618571, -80.577366)",,OCISLY,ASDS,California,"(33.7291858, -118.262015)",Failure
2017-01-14T17:54:00.000Z,Iridium NEXT Mission 1,"[{'type': 'Satellite', 'mass': 9600, 'orbit': 'PO'}]",Falcon 9,0,70.0,3.7,549054.0,VAFB SLC 4E,California,"(34.632093, -120.610829)",,JRTI,ASDS,,"(28.4104, -80.6188)",Success
2017-02-19T14:39:00.000Z,CRS-10,"[{'type': 'Dragon 1.1', 'mass': 2490, 'orbit': 'ISS'}]",Falcon 9,0,,3.7,549054.0,KSC LC 39A,Florida,"(28.6080585, -80.6039558)",,LZ-1,RTLS,Florida,"(28.485833, -80.544444)",Success
2017-03-16T06:00:00.000Z,EchoStar 23,"[{'type': 'Satellite', 'mass': 5600, 'orbit': 'GTO'}]",Falcon 9,0,70.0,3.7,,KSC LC 39A,Florida,"(28.6080585, -80.6039558)",,,,,"(nan, nan)",Success
2017-03-30T22:27:00.000Z,SES-10,"[{'type': 'Satellite', 'mass': 5300, 'orbit': 'GTO'}]",Falcon 9,0,,3.7,549054.0,KSC LC 39A,Florida,"(28.6080585, -80.6039558)",,OCISLY,ASDS,,"(33.7291858, -118.262015)",Success
2017-05-01T11:15:00.000Z,NROL-76,"[{'type': 'Satellite', 'mass': None, 'orbit': 'LEO'}]",Falcon 9,0,70.0,,,KSC LC 39A,Florida,"(28.6080585, -80.6039558)",,LZ-1,RTLS,Florida,"(28.485833, -80.544444)",Success
2017-05-15T23:21:00.000Z,Inmarsat-5 F4,"[{'type': 'Satellite', 'mass': 6070, 'orbit': 'GTO'}]",Falcon 9,0,,3.7,,KSC LC 39A,Florida,"(28.6080585, -80.6039558)",,,,,"(nan, nan)",Success
2017-06-03T21:07:00.000Z,CRS-11,"[{'type': 'Dragon 1.1', 'mass': 2708, 'orbit': 'ISS'}]",Falcon 9,0,,3.7,549054.0,KSC LC 39A,Florida,"(28.6080585, -80.6039558)",,LZ-1,RTLS,Florida,"(28.485833, -80.544444)",Success
2017-06-23T19:10:00.000Z,BulgariaSat-1,"[{'type': 'Satellite', 'mass': 3669, 'orbit': 'GTO'}]",Falcon 9,0,70.0,3.7,549054.0,KSC LC 39A,Florida,"(28.6080585, -80.6039558)",,OCISLY,ASDS,California,"(33.7291858, -118.262015)",Success
2017-06-25T20:25:00.000Z,Iridium NEXT Mission 2,"[{'type': 'Satellite', 'mass': 9600, 'orbit': 'PO'}]",Falcon 9,0,70.0,3.7,549054.0,VAFB SLC 4E,California,"(34.632093, -120.610829)",,JRTI,ASDS,Florida,"(28.4104, -80.6188)",Success
2017-07-05T23:35:00.000Z,Intelsat 35e,"[{'type': 'Satellite', 'mass': 6761, 'orbit': 'GTO'}]",Falcon 9,0,,3.7,,KSC LC 39A,Florida,"(28.6080585, -80.6039558)",,,,,"(nan, nan)",Success
2017-08-14T16:31:00.000Z,CRS-12,"[{'type': 'Dragon 1.1', 'mass': 3310, 'orbit': 'ISS'}]",Falcon 9,0,70.0,,549054.0,KSC LC 39A,Florida,"(28.6080585, -80.6039558)",,LZ-1,RTLS,,"(28.485833, -80.544444)",Success
2017-08-24T18:50:00.000Z,FormoSat-5,"[{'type': 'Satellite', 'mass': 5875, 'orbit': 'SSO'}]",Falcon 9,0,70.0,3.7,549054.0,VAFB SLC 4E,California,"(34.632093, -120.610829)",,JRTI,ASDS,Florida,"(28.4104, -80.6188)",Success
2017-09-07T13:50:00.000Z,Boeing X-37B OTV-5,"[{'type': 'Satellite', 'mass': 4990, 'orbit': 'LEO'}]",Falcon 9,0,70.0,,549054.0,KSC LC 39A,Florida,"(28.6080585, -80.6039558)",,LZ-1,RTLS,,"(28.485833, -80.544444)",Success
2017-10-09T12:37:00.000Z,Iridium NEXT Mission 3,"[{'type': 'Satellite', 'mass': 9600, 'orbit': 'PO'}]",Falcon 9,0,,3.7,,VAFB SLC 4E,California,"(34.632093, -120.610829)",,JRTI,ASDS,Florida,"(28.4104, -80.6188)",Success
2017-10-11T22:53:00.000Z,SES-11 / Echostar 105,"[{'type': 'Satellite', 'mass': 5200, 'orbit': 'GTO'}]",Falcon 9,0,,3.7,,KSC LC 39A,Florida,"(28.6080585, -80.6039558)",,OCISLY,ASDS,California,"(33.7291858, -118.262015)",Success
2017-10-30T19:34:00.000Z,KoreaSat 5A,"[{'type': 'Satellite', 'mass': 3700, 'orbit': 'GTO'}]",Falcon 9,0,70.0,,549054.0,KSC LC 39A,Florida,"(28.6080585, -80.6039558)",,OCISLY,ASDS,California,"(33.7291858, -118.262015)",Success
2017-12-15T15:36:00.000Z,CRS-13,"[{'type': 'Dragon 1.1', 'mass': 2205, 'orbit': 'ISS'}]",Falcon 9,0,,3.7,,CCSFS SLC 40,Florida,"(28.5618571, -80.577366)",,LZ-1,RTLS,Florida,"(28.485833, -80.544444)",Success
2017-12-23T01:27:23.000Z,Iridium NEXT Mission 4,"[{'type': 'Satellite', 'mass': 9600, 'orbit': 'PO'}]",Falcon 9,0,,3.7,549054.0,VAFB SLC 4E,California,"(34.632093, -120.610829)",,,Ocean,,"(nan, nan)",Success
2018-01-08T01:00:00.000Z,ZUMA,"[{'type': 'Satellite', 'mass': None, 'orbit': 'LEO'}]",Falcon 9,0,70.0,,549054.0,CCSFS SLC 40,Florida,"(28.5618571, -80.577366)",,LZ-1,RTLS,Florida,"(28.485833, -80.544444)",Success
2018-01-31T21:25:00.000Z,SES-16 / GovSat-1,"[{'type': 'Satellite', 'mass': 4230, 'orbit': 'GTO'}]",Falcon 9,0,70.0,3.7,,CCSFS SLC 40,Florida,"(28.5618571, -80.577366)",,,Ocean,,"(nan, nan)",Success
2018-02-06T20:45:00.000Z,Falcon Heavy Test Flight,"[{'type': 'Satellite', 'mass': 1350, 'orbit': 'HCO'}]",Falcon Heavy,2,70.0,12.2,1420788.0,KSC LC 39A,Florida,"(28.6080585, -80.6039558)",,OCISLY,ASDS,California,"(33.7291858, -118.262015)",Success
2018-02-22T14:17:00.000Z,Paz / Starlink Demo,"[{'type': 'Satellite', 'mass': 2150, 'orbit': 'SSO'}]",Falcon 9,0,70.0,3.7,549054.0,VAFB SLC 4E,California,"(34.632093, -120.610829)",,,,,"(nan, nan)",Success
2018-03-06T05:33:00.000Z,Hispasat 30W-6,"[{'type': 'Satellite', 'mass': 6092, 'orbit': 'GTO'}]",Falcon 9,0,,3.7,549054.0,CCSFS SLC 40,Florida,"(28.5618571, -80.577366)",,,,,"(nan, nan)",Success
2018-03-30T14:13:51.000Z,Iridium NEXT Mission 5,"[{'type': 'Satellite', 'mass': 9600, 'orbit': 'PO'}]",Falcon 9,0,70.0,,549054.0,VAFB SLC 4E,California,"(34.632093, -120.610829)",,,,,"(nan, nan)",Success
2018-04-02T20:30:41.000Z,CRS-14,"[{'type': 'Dragon 1.1', 'mass': 2647, 'orbit': 'ISS'}]",Falcon 9,0,70.0,3.7,,CCSFS SLC 40,Florida,"(28.5618571, -80.577366)",,,,,"(nan, nan)",Success
2018-04-18T22:51:00.000Z,TESS,"[{'type': 'Satellite', 'mass': 362, 'orbit': 'HEO'}]",Falcon 9,0,70.0,,549054.0,CCSFS SLC 40,Florida,"(28.5618571, -80.577366)",,OCISLY,ASDS,California,"(33.7291858, -118.262015)",Success
2018-05-11T20:14:00.000Z,Bangabandhu-1,"[{'type': 'Satellite', 'mass': 3750, 'orbit': 'GTO'}]",Falcon 9,0,70.0,3.7,549054.0,KSC LC 39A,Florida,"(28.6080585, -80.6039558)",,OCISLY,ASDS,California,"(33.7291858, -118.262015)",Success
2018-05-22T19:47:58.000Z,Iridium NEXT Mission 6,"[{'type': 'Satellite', 'mass': 6460, 'orbit': 'PO'}]",Falcon 9,0,70.0,,,VAFB SLC 4E,California,"(34.632093, -120.610829)",,,,,"(nan, nan)",Success
2018-06-04T04:45:00.000Z,SES-12,"[{'type': 'Satellite', 'mass': 5383.85, 'orbit': 'GTO'}]",Falcon 9,0,70.0,,,CCSFS SLC 40,Florida,"(28.5618571, -80.577366)",,,,,"(nan, nan)",Success
2018-06-29T09:42:00.000Z,CRS-15,"[{'type': 'Dragon 1.1', 'mass': 2410, 'orbit': 'ISS'}]",Falcon 9,0,70.0,,,CCSFS SLC 40,Florida,"(28.5618571, -80.577366)",,,,,"(nan, nan)",Success
2018-07-22T05:50:00.000Z,Telstar 19V,"[{'type': 'Satellite', 'mass': 7076, 'orbit': 'GTO'}]",Falcon 9,0,70.0,3.7,,CCSFS SLC 40,Florida,"(28.5618571, -80.577366)",,OCISLY,ASDS,California,"(33.7291858, -118.262015)",Success
2018-07-25T11:39:26.000Z,Iridium NEXT Mission 7,"[{'type': 'Satellite', 'mass': 9600, 'orbit': 'PO'}]",Falcon 9,0,70.0,,549054.0,VAFB SLC 4E,California,"(34.632093, -120.610829)",,JRTI,ASDS,Florida,"(28.4104, -80.6188)",Success
2018-08-07T05:18:00.000Z,Merah Putih,"[{'type': 'Satellite', 'mass': 5800, 'orbit': 'GTO'}]",Falcon 9,0,,3.7,549054.0,CCSFS SLC 40,Florida,"(28.5618571, -80.577366)",,OCISLY,ASDS,California,"(33.7291858, -118.262015)",Success
2018-09-10T04:45:00.000Z,Telstar 18V,"[{'type': 'Satellite', 'mass': 7060, 'orbit': 'GTO'}]",Falcon 9,0,70.0,3.7,,CCSFS SLC 40,Florida,"(28.5618571, -80.577366)",,OCISLY,ASDS,,"(33.7291858, -118.262015)",Success
2018-10-08T02:22:00.000Z,SAOCOM 1A,"[{'type': 'Satellite', 'mass': 2800, 'orbit': 'SSO'}]",Falcon 9,0,70.0,3.7,549054.0,VAFB SLC 4E,California,"(34.632093, -120.610829)",,LZ-4,RTLS,,"(34.632989, -120.615167)",Success
2018-11-15T20:46:00.000Z,Es’hail 2,"[{'type': 'Satellite', 'mass': 5300, 'orbit': 'GTO'}]",Falcon 9,0,70.0,,549054.0,KSC LC 39A,Florida,"(28.6080585, -80.6039558)",,OCISLY,ASDS,California,"(33.7291858, -118.262015)",Success
2018-12-03T18:34:00.000Z,SSO-A,"[{'type': 'Satellite', 'mass': 4000, 'orbit': 'SSO'}]",Falcon 9,0,70.0,3.7,,VAFB SLC 4E,California,"(34.632093, -120.610829)",,JRTI,ASDS,Florida,"(28.4104, -80.6188)",Success
2018-12-05T18:16:00.000Z,CRS-16,"[{'type': 'Dragon 1.1', 'mass': 2573, 'orbit': 'ISS'}]",Falcon 9,0,70.0,3.7,549054.0,CCSFS SLC 40,Florida,"(28.5618571, -80.577366)",,LZ-1,RTLS,Florida,"(28.485833, -80.544444)",Success
2018-12-23T13:51:00.000Z,GPS III SV01,"[{'type': 'Satellite', 'mass': 4400, 'orbit': 'MEO'}]",Falcon 9,0,,3.7,,CCSFS SLC 40,Florida,"(28.5618571, -80.577366)",,,,,"(nan, nan)",Success
2019-01-11T15:31:00.000Z,Iridium NEXT Mission 8,"[{'type': 'Satellite', 'mass': 9600, 'orbit': 'PO'}]",Falcon 9,0,70.0,3.7,549054.0,VAFB SLC 4E,California,"(34.632093, -120.610829)",,JRTI,ASDS,,"(28.4104, -80.6188)",Success
2019-02-22T01:45:00.000Z,Nusantara Satu (PSN-6) / S5 / Beresheet,"[{'type': 'Satellite', 'mass': 5645, 'orbit': 'GTO'}]",Falcon 9,0,70.0,3.7,,CCSFS SLC 40,Florida,"(28.5618571, -80.577366)",,OCISLY,ASDS,California,"(33.7291858, -118.262015)",Success
2019-03-02T07:45:00.000Z,CCtCap Demo Mission 1,"[{'type': 'Crew Dragon', 'mass': 12259, 'orbit': 'ISS'}]",Falcon 9,0,70.0,3.7,549054.0,KSC LC 39A,Florida,"(28.6080585, -80.6039558)",,OCISLY,ASDS,,"(33.7291858, -118.262015)",Success
2019-04-11T22:35:00.000Z,ArabSat 6A,"[{'type': 'Satellite', 'mass': 6465, 'orbit': 'GTO'}]",Falcon Heavy,2,70.0,12.2,1420788.0,KSC LC 39A,Florida,"(28.6080585, -80.6039558)",,OCISLY,ASDS,California,"(33.7291858, -118.262015)",Success
2019-05-04T06:48:00.000Z,CRS-17,"[{'type': 'Dragon 1.1', 'mass': 2482, 'orbit': 'ISS'}]",Falcon 9,0,70.0,,549054.0,CCSFS SLC 40,Florida,"(28.5618571, -80.577366)",,OCISLY,ASDS,,"(33.7291858, -118.262015)",Success
2019-05-24T02:30:00.000Z,Starlink v0.9,"[{'type': 'Satellite', 'mass': 13620, 'orbit': 'VLEO'}]",Falcon 9,0,70.0,3.7,,CCSFS SLC 40,Florida,"(28.5618571, -80.577366)",,OCISLY,ASDS,California,"(33.7291858, -118.262015)",Success
2019-06-12T14:17:00.000Z,RADARSAT Constellation,"[{'type': 'Satellite', 'mass': 1425, 'orbit': 'SSO'}]",Falcon 9,0,,,,VAFB SLC 4E,California,"(34.632093, -120.610829)",,LZ-4,RTLS,California,"(34.632989, -120.615167)",Success
2019-06-25T03:30:00.000Z,STP-2,"[{'type': 'Satellite', 'mass': 2841, 'orbit': 'LEO'}]",Falcon Heavy,2,70.0,12.2,,KSC LC 39A,Florida,"(28.6080585, -80.6039558)",,OCISLY,ASDS,,"(33.7291858, -118.262015)",Success
2019-07-25T22:01:00.000Z,CRS-18,"[{'type': 'Dragon 1.1', 'mass': 2227.7, 'orbit': 'ISS'}]",Falcon 9,0,,3.7,549054.0,CCSFS SLC 40,Florida,"(28.5618571, -80.577366)",,LZ-1,RTLS,Florida,"(28.485833, -80.544444)",Success
2019-08-06T22:52:00.000Z,Amos-17,"[{'type': 'Satellite', 'mass': 6500, 'orbit': 'GTO'}]",Falcon 9,0,,,,CCSFS SLC 40,Florida,"(28.5618571, -80.577366)",,,,,"(nan, nan)",Success
2019-11-11T14:56:00.000Z,Starlink-1,"[{'type': 'Satellite', 'mass': 15600, 'orbit': 'VLEO'}]",Falcon 9,0,70.0,3.7,549054.0,CCSFS SLC 40,Florida,"(28.5618571, -80.577366)",,OCISLY,ASDS,,"(33.7291858, -118.262015)",Success
2019-12-05T17:29:23.000Z,CRS-19,"[{'type': 'Dragon 1.1', 'mass': 2617, 'orbit': 'ISS'}]",Falcon 9,0,,3.7,,CCSFS SLC 40,Florida,"(28.5618571, -80.577366)",,OCISLY,ASDS,California,"(33.7291858, -118.262015)",Success
2019-12-17T00:10:00.000Z,JCSat 18 / Kacific 1,"[{'type': 'Satellite', 'mass': 6956, 'orbit': 'GTO'}]",Falcon 9,0,70.0,3.7,,CCSFS SLC 40,Florida,"(28.5618571, -80.577366)",,OCISLY,ASDS,,"(33.7291858, -118.262015)",Success
2020-01-07T02:19:00.000Z,Starlink-2,"[{'type': 'Satellite', 'mass': 15600, 'orbit': 'VLEO'}]",Falcon 9,0,70.0,,,CCSFS SLC 40,Florida,"(28.5618571, -80.577366)",,OCISLY,ASDS,California,"(33.7291858, -118.262015)",Success
2020-01-19T14:00:00.000Z,Crew Dragon In Flight Abort Test,"[{'type': 'Crew Dragon', 'mass': 12050, 'orbit': 'SO'}]",Falcon 9,0,70.0,3.7,549054.0,KSC LC 39A,Florida,"(28.6080585, -80.6039558)",,,,,"(nan, nan)",Success
2020-01-29T14:06:00.000Z,Starlink-3,"[{'type': 'Satellite', 'mass': 15600, 'orbit': 'VLEO'}]",Falcon 9,0,,,,CCSFS SLC 40,Florida,"(28.5618571, -80.577366)",,OCISLY,ASDS,California,"(33.7291858, -118.262015)",Success
2020-02-17T15:05:55.000Z,Starlink-4,"[{'type': 'Satellite', 'mass': 15600, 'orbit': 'VLEO'}]",Falcon 9,0,,,549054.0,CCSFS SLC 40,Florida,"(28.5618571, -80.577366)",,OCISLY,ASDS,California,"(33.7291858, -118.262015)",Success
2020-03-07T04:50:31.000Z,CRS-20,"[{'type': 'Dragon 1.1', 'mass': 1977, 'orbit': 'ISS'}]",Falcon 9,0,70.0,3.7,549054.0,CCSFS SLC 40,Florida,"(28.5618571, -80.577366)",,LZ-1,RTLS,Florida,"(28.485833, -80.544444)",Success
2020-03-18T12:16:00.000Z,Starlink-5,"[{'type': 'Satellite', 'mass': 15600, 'orbit': 'VLEO'}]",Falcon 9,0,,3.7,,KSC LC 39A,Florida,"(28.6080585, -80.6039558)",,OCISLY,ASDS,California,"(33.7291858, -118.262015)",Success
2020-04-22T19:30:00.000Z,Starlink-6,"[{'type': 'Satellite', 'mass': 15600, 'orbit': 'VLEO'}]",Falcon 9,0,,3.7,549054.0,KSC LC 39A,Florida,"(28.6080585, -80.6039558)",,OCISLY,ASDS,California,"(33.7291858, -118.262015)",Success
2020-05-30T19:22:00.000Z,CCtCap Demo Mission 2,"[{'type': 'Crew Dragon', 'mass': 12530, 'orbit': 'ISS'}]",Falcon 9,0,70.0,3.7,,KSC LC 39A,Florida,"(28.6080585, -80.6039558)",,OCISLY,ASDS,California,"(33.7291858, -118.262015)",Success
2020-06-04T01:25:00.000Z,Starlink-7,"[{'type': 'Satellite', 'mass': 15600, 'orbit': 'VLEO'}]",Falcon 9,0,70.0,,549054.0,CCSFS SLC 40,Florida,"(28.5618571, -80.577366)",,JRTI,ASDS,Florida,"(28.4104, -80.6188)",Success
2020-06-13T09:21:00.000Z,Starlink-8 & SkySat 16-18,"[{'type': 'Satellite', 'mass': 15410, 'orbit': 'VLEO'}]",Falcon 9,0,70.0,3.7,,CCSFS SLC 40,Florida,"(28.5618571, -80.577366)",,OCISLY,ASDS,California,"(33.7291858, -118.262015)",Success
2020-06-30T19:55:00.000Z,GPS III SV03 (Columbus),"[{'type': 'Satellite', 'mass': 4311, 'orbit': 'MEO'}]",Falcon 9,0,70.0,3.7,549054.0,CCSFS SLC 40,Florida,"(28.5618571, -80.577366)",,JRTI,ASDS,,"(28.4104, -80.6188)",Success
2020-07-20T21:30:00.000Z,ANASIS-II,"[{'type': 'Satellite', 'mass': 5500, 'orbit': 'GEO'}]",Falcon 9,0,,3.7,549054.0,CCSFS SLC 40,Florida,"(28.5618571, -80.577366)",,JRTI,ASDS,Florida,"(28.4104, -80.6188)",Success
2020-08-07T05:12:00.000Z,Starlink-9 (v1.0) & BlackSky Global 5-6,"[{'type': 'Satellite', 'mass': 15712, 'orbit': 'VLEO'}]",Falcon 9,0,70.0,3.7,549054.0,KSC LC 39A,Florida,"(28.6080585, -80.6039558)",,OCISLY,ASDS,California,"(33.7291858, -118.262015)",Success
2020-08-18T14:31:00.000Z,Starlink-10 (v1.0) & SkySat 19-21,"[{'type': 'Satellite', 'mass': 15440, 'orbit': 'VLEO'}]",Falcon 9,0,,3.7,549054.0,CCSFS SLC 40,Florida,"(28.5618571, -80.577366)",,OCISLY,ASDS,California,"(33.7291858, -118.262015)",Success
2020-08-30T23:18:00.000Z,"SAOCOM 1B, GNOMES-1, Tyvak-0172","[{'type': 'Satellite', 'mass': 3130, 'orbit': 'SSO'}]",Falcon 9,0,70.0,3.7,549054.0,CCSFS SLC 40,Florida,"(28.5618571, -80.577366)",,LZ-1,RTLS,Florida,"(28.485833, -80.544444)",Success
2020-09-03T12:46:00.000Z,Starlink-11 (v1.0),"[{'type': 'Satellite', 'mass': 15600, 'orbit': 'VLEO'}]",Falcon 9,0,70.0,3.7,549054.0,KSC LC 39A,Florida,"(28.6080585, -80.6039558)",,OCISLY,ASDS,California,"(33.7291858, -118.262015)",Success
2020-10-06T11:29:00.000Z,Starlink-12 (v1.0),"[{'type': 'Satellite', 'mass': 15600, 'orbit': 'VLEO'}]",Falcon 9,0,70.0,,549054.0,KSC LC 39A,Florida,"(28.6080585, -80.6039558)",,OCISLY,ASDS,California,"(33.7291858, -118.262015)",Success
2020-10-18T12:25:00.000Z,Starlink-13 (v1.0),"[{'type': 'Satellite', 'mass': 15600, 'orbit': 'VLEO'}]",Falcon 9,0,70.0,3.7,549054.0,KSC LC 39A,Florida,"(28.6080585, -80.6039558)",,OCISLY,ASDS,,"(33.7291858, -118.262015)",Success
2020-10-24T15:31:00.000Z,Starlink-14 (v1.0),"[{'type': 'Satellite', 'mass': 15600, 'orbit': 'VLEO'}]",Falcon 9,0,70.0,3.7,,CCSFS SLC 40,Florida,"(28.5618571, -80.577366)",,JRTI,ASDS,Florida,"(28.4104, -80.6188)",Success
2020-11-05T23:24:00.000Z,GPS III SV04 (Sacagawea),"[{'type': 'Satellite', 'mass': 3681, 'orbit': 'MEO'}]",Falcon 9,0,,3.7,549054.0,CCSFS SLC 40,Florida,"(28.5618571, -80.577366)",,OCISLY,ASDS,,"(33.7291858, -118.262015)",Success
2020-11-16T00:27:00.000Z,Crew-1,"[{'type': 'Crew Dragon', 'mass': 12500, 'orbit': 'ISS'}]",Falcon 9,0,70.0,3.7,,KSC LC 39A,Florida,"(28.6080585, -80.6039558)",,JRTI,ASDS,Florida,"(28.4104, -80.6188)",Success
2020-11-21T17:17:00.000Z,Sentinel-6 Michael Freilich,"[{'type': 'Satellite', 'mass': 1192, 'orbit': 'PO'}]",Falcon 9,0,,3.7,549054.0,VAFB SLC 4E,California,"(34.632093, -120.610829)",,LZ-4,RTLS,California,"(34.632989, -120.615167)",Success
2020-11-25T02:13:00.000Z,Starlink-15 (v1.0),"[{'type': 'Satellite', 'mass': 15600, 'orbit': 'VLEO'}]",Falcon 9,0,70.0,3.7,549054.0,CCSFS SLC 40,Florida,"(28.5618571, -80.577366)",,OCISLY,ASDS,California,"(33.7291858, -118.262015)",Success
2020-12-06T16:17:00.000Z,CRS-21,"[{'type': 'Dragon 2.0', 'mass': 2972, 'orbit': 'ISS'}]",Falcon 9,0,70.0,3.7,549054.0,KSC LC 39A,Florida,"(28.6080585, -80.6039558)",,OCISLY,ASDS,California,"(33.7291858, -118.262015)",Success
2020-12-13T17:30:00.000Z,SXM-7,"[{'type': 'Satellite', 'mass': 7000, 'orbit': 'GTO'}]",Falcon 9,0,70.0,3.7,549054.0,CCSFS SLC 40,Florida,"(28.5618571, -80.577366)",,JRTI,ASDS,,"(28.4104, -80.6188)",Success
2020-12-19T14:00:00.000Z,NROL-108,"[{'type': 'Satellite', 'mass': None, 'orbit': None}]",Falcon 9,0,70.0,,549054.0,KSC LC 39A,Florida,"(28.6080585, -80.6039558)",,LZ-1,RTLS,,"(28.485833, -80.544444)",Success
2021-01-08T02:15:00.000Z,Turksat 5A,"[{'type': 'Satellite', 'mass': 3500, 'orbit': 'GTO'}]",Falcon 9,0,70.0,3.7,549054.0,CCSFS SLC 40,Florida,"(28.5618571, -80.577366)",,JRTI,ASDS,Florida,"(28.4104, -80.6188)",Success
2021-01-20T13:02:00.000Z,Starlink-16 (v1.0),"[{'type': 'Satellite', 'mass': 15600, 'orbit': 'VLEO'}]",Falcon 9,0,70.0,3.7,549054.0,KSC LC 39A,Florida,"(28.6080585, -80.6039558)",,JRTI,ASDS,Florida,"(28.4104, -80.6188)",Success
2021-01-24T15:00:00.000Z,Transporter-1,"[{'type': 'Satellite', 'mass': 5000, 'orbit': 'SSO'}]",Falcon 9,0,70.0,3.7,549054.0,CCSFS SLC 40,Florida,"(28.5618571, -80.577366)",,OCISLY,ASDS,California,"(33.7291858, -118.262015)",Success
2021-02-04T06:19:00.000Z,Starlink-18 (v1.0),"[{'type': 'Satellite', 'mass': 15600, 'orbit': 'VLEO'}]",Falcon 9,0,70.0,3.7,549054.0,CCSFS SLC 40,Florida,"(28.5618571, -80.577366)",,OCISLY,ASDS,California,"(33.7291858, -118.262015)",Success
2021-02-16T03:59:00.000Z,Starlink-19 (v1.0),"[{'type': 'Satellite', 'mass': 15600, 'orbit': 'VLEO'}]",Falcon 9,0,70.0,3.7,,CCSFS SLC 40,Florida,"(28.5618571, -80.577366)",,OCISLY,ASDS,California,"(33.7291858, -118.262015)",Success
2021-03-04T08:24:00.000Z,Starlink-17 (v1.0),"[{'type': 'Satellite', 'mass': 15600, 'orbit': 'VLEO'}]",Falcon 9,0,,3.7,,KSC LC 39A,Florida,"(28.6080585, -80.6039558)",,OCISLY,ASDS,,"(33.7291858, -118.262015)",Success
2021-03-11T08:13:00.000Z,Starlink-20 (v1.0),"[{'type': 'Satellite', 'mass': 15600, 'orbit': 'VLEO'}]",Falcon 9,0,70.0,3.7,549054.0,CCSFS SLC 40,Florida,"(28.5618571, -80.577366)",,JRTI,ASDS,Florida,"(28.4104, -80.6188)",Success
2021-03-14T10:01:00.000Z,Starlink-21 (v1.0),"[{'type': 'Satellite', 'mass': 15600, 'orbit': 'VLEO'}]",Falcon 9,0,70.0,3.7,549054.0,KSC LC 39A,Florida,"(28.6080585, -80.6039558)",,OCISLY,ASDS,,"(33.7291858, -118.262015)",Success
2021-03-24T08:28:00.000Z,Starlink-22 (v1.0),"[{'type': 'Satellite', 'mass': 15600, 'orbit': 'VLEO'}]",Falcon 9,0,70.0,3.7,,CCSFS SLC 40,Florida,"(28.5618571, -80.577366)",,OCISLY,ASDS,California,"(33.7291858, -118.262015)",Success
2021-04-07T16:34:00.000Z,Starlink-23 (v1.0),"[{'type': 'Satellite', 'mass': 15600, 'orbit': 'VLEO'}]",Falcon 9,0,70.0,3.7,,CCSFS SLC 40,Florida,"(28.5618571, -80.577366)",,OCISLY,ASDS,California,"(33.7291858, -118.262015)",Success
2021-04-23T09:49:00.000Z,Crew-2,"[{'type': 'Crew Dragon', 'mass': None, 'orbit': 'ISS'}]",Falcon 9,0,70.0,,549054.0,KSC LC 39A,Florida,"(28.6080585, -80.6039558)",,OCISLY,ASDS,California,"(33.7291858, -118.262015)",Success
2021-04-29T03:44:00.000Z,Starlink-24 (v1.0),"[{'type': 'Satellite', 'mass': 15600, 'orbit': 'VLEO'}]",Falcon 9,0,70.0,3.7,549054.0,CCSFS SLC 40,Florida,"(28.5618571, -80.577366)",,JRTI,ASDS,Florida,"(28.4104, -80.6188)",Success
2021-05-04T19:01:00.000Z,Starlink-25 (v1.0),"[{'type': 'Satellite', 'mass': 15600, 'orbit': 'VLEO'}]",Falcon 9,0,,3.7,549054.0,KSC LC 39A,Florida,"(28.6080585, -80.6039558)",,OCISLY,ASDS,California,"(33.7291858, -118.262015)",Success
2021-05-09T06:42:00.000Z,Starlink-27 (v1.0),"[{'type': 'Satellite', 'mass': 15600, 'orbit': 'VLEO'}]",Falcon 9,0,70.0,,549054.0,CCSFS SLC 40,Florida,"(28.5618571, -80.577366)",,OCISLY,ASDS,,"(33.7291858, -118.262015)",Success
2021-05-15T22:54:00.000Z,Starlink-26 (v1.0) + Capella-6 + Tyvak-0130,"[{'type': 'Satellite', 'mass': 13632, 'orbit': 'VLEO'}]",Falcon 9,0,70.0,,,KSC LC 39A,Florida,"(28.6080585, -80.6039558)",,OCISLY,ASDS,,"(33.7291858, -118.262015)",Success
2021-05-26T18:59:00.000Z,Starlink-28 (v1.0),"[{'type': 'Satellite', 'mass': 15600, 'orbit': 'VLEO'}]",Falcon 9,0,70.0,,549054.0,CCSFS SLC 40,Florida,"(28.5618571, -80.577366)",,JRTI,ASDS,,"(28.4104, -80.6188)",Success
2021-06-03T17:29:00.000Z,CRS-22 & IROSA,"[{'type': 'Dragon 2.0', 'mass': 3328, 'orbit': 'ISS'}]",Falcon 9,0,,3.7,549054.0,KSC LC 39A,Florida,"(28.6080585, -80.6039558)",,OCISLY,ASDS,,"(33.7291858, -118.262015)",Success
2021-06-06T04:26:00.000Z,SXM-8,"[{'type': 'Satellite', 'mass': 7000, 'orbit': 'GTO'}]",Falcon 9,0,70.0,,549054.0,CCSFS SLC 40,Florida,"(28.5618571, -80.577366)",,JRTI,ASDS,Florida,"(28.4104, -80.6188)",Success
2021-06-17T16:09:00.000Z,GPS III SV05,"[{'type': 'Satellite', 'mass': 3681, 'orbit': 'MEO'}]",Falcon 9,0,70.0,,,CCSFS SLC 40,Florida,"(28.5618571, -80.577366)",,JRTI,ASDS,Florida,"(28.4104, -80.6188)",Success
2021-06-30T19:31:00.000Z,Transporter-2,"[{'type': 'Satellite', 'mass': None, 'orbit': 'SSO'}]",Falcon 9,0,,,549054.0,CCSFS SLC 40,Florida,"(28.5618571, -80.577366)",,LZ-1,RTLS,Florida,"(28.485833, -80.544444)",Success
2021-08-29T07:14:00.000Z,CRS-23,"[{'type': 'Dragon 2.0', 'mass': 2200, 'orbit': 'ISS'}]",Falcon 9,0,,,549054.0,KSC LC 39A,Florida,"(28.6080585, -80.6039558)",,ASOG,ASDS,Florida,"(33.7291858, -118.262015)",Success
2021-09-14T03:55:00.000Z,Starlink 2-1 (v1.5),"[{'type': 'Satellite', 'mass': 15600, 'orbit': 'PO'}]",Falcon 9,0,70.0,,549054.0,VAFB SLC 4E,California,"(34.632093, -120.610829)",,OCISLY,ASDS,California,"(33.7291858, -118.262015)",Success
2021-09-16T00:02:00.000Z,Inspiration4,"[{'type': 'Crew Dragon', 'mass': 12519, 'orbit': 'LEO'}]",Falcon 9,0,70.0,,549054.0,KSC LC 39A,Florida,"(28.6080585, -80.6039558)",,JRTI,ASDS,Florida,"(28.4104, -80.6188)",Success
2021-11-11T02:03:00.000Z,Crew-3,"[{'type': 'Crew Dragon', 'mass': 12510, 'orbit': 'ISS'}]",Falcon 9,0,70.0,3.7,549054.0,KSC LC 39A,Florida,"(28.6080585, -80.6039558)",,ASOG,ASDS,Florida,"(33.7291858, -118.262015)",Success
2021-11-13T12:40:00.000Z,Starlink 4-1 (v1.5),"[{'type': 'Satellite', 'mass': 15635, 'orbit': 'LEO'}]",Falcon 9,0,70.0,3.7,,CCSFS SLC 40,Florida,"(28.5618571, -80.577366)",,JRTI,ASDS,Florida,"(28.4104, -80.6188)",Success
2021-11-24T06:20:00.000Z,DART,"[{'type': 'Satellite', 'mass': 670, 'orbit': 'TLI'}]",Falcon 9,0,,3.7,549054.0,VAFB SLC 4E,California,"(34.632093, -120.610829)",,OCISLY,ASDS,California,"(33.7291858, -118.262015)",Success
2021-12-01T23:20:00.000Z,Starlink 4-3 (v1.5),"[{'type': 'Satellite', 'mass': 11260, 'orbit': 'PO'}]",Falcon 9,0,70.0,3.7,549054.0,CCSFS SLC 40,Florida,"(28.5618571, -80.577366)",,ASOG,ASDS,Florida,"(33.7291858, -118.262015)",Success
2021-12-09T06:00:00.000Z,IXPE,"[{'type': 'Satellite', 'mass': 325, 'orbit': 'LEO'}]",Falcon 9,0,70.0,3.7,549054.0,KSC LC 39A,Florida,"(28.6080585, -80.6039558)",,JRTI,ASDS,,"(28.4104, -80.6188)",Success
2021-12-18T12:41:40.000Z,Starlink 4-4 (v1.5),"[{'type': 'Satellite', 'mass': 13470, 'orbit': 'PO'}]",Falcon 9,0,70.0,3.7,549054.0,VAFB SLC 4E,California,"(34.632093, -120.610829)",,OCISLY,ASDS,California,"(33.7291858, -118.262015)",Success
2021-12-19T03:58:00.000Z,Türksat 5B,"[{'type': 'Satellite', 'mass': 3500, 'orbit': 'GTO'}]",Falcon 9,0,70.0,3.7,549054.0,CCSFS SLC 40,Florida,"(28.5618571, -80.577366)",,ASOG,ASDS,Florida,"(33.7291858, -118.262015)",Success
2021-12-21T10:06:00.000Z,CRS-24,"[{'type': 'Dragon 2.0', 'mass': 2989, 'orbit': 'ISS'}]",Falcon 9,0,70.0,3.7,549054.0,KSC LC 39A,Florida,"(28.6080585, -80.6039558)",,JRTI,ASDS,,"(28.4104, -80.6188)",Success
2022-01-06T21:49:00.000Z,Starlink 4-5 (v1.5),"[{'type': 'Satellite', 'mass': 14356, 'orbit': 'VLEO'}]",Falcon 9,0,,3.7,,KSC LC 39A,Florida,"(28.6080585, -80.6039558)",,ASOG,ASDS,Florida,"(33.7291858, -118.262015)",Success
2022-01-13T15:25:00.000Z,Transporter-3,"[{'type': 'Satellite', 'mass': None, 'orbit': 'LEO'}]",Falcon 9,0,70.0,3.7,549054.0,CCSFS SLC 40,Florida,"(28.5618571, -80.577366)",,LZ-1,RTLS,Florida,"(28.485833, -80.544444)",Success
2022-01-19T00:04:00.000Z,Starlink 4-6 (v1.5),"[{'type': 'Satellite', 'mass': 13260, 'orbit': 'VLEO'}]",Falcon 9,0,,3.7,549054.0,KSC LC 39A,Florida,"(28.6080585, -80.6039558)",,ASOG,ASDS,,"(33.7291858, -118.262015)",Success
2022-01-31T23:11:12.000Z,CSG-2,"[{'type': 'Satellite', 'mass': 2240, 'orbit': 'SSO'}]",Falcon 9,0,,,549054.0,CCSFS SLC 40,Florida,"(28.5618571, -80.577366)",,LZ-1,RTLS,,"(28.485833, -80.544444)",Success
2022-02-02T20:18:00.000Z,NROL-87,"[{'type': 'Satellite', 'mass': None, 'orbit': 'LEO'}]",Falcon 9,0,,,549054.0,VAFB SLC 4E,California,"(34.632093, -120.610829)",,LZ-4,RTLS,,"(34.632989, -120.615167)",Success
2022-02-03T18:13:00.000Z,Starlink 4-7 (v1.5),"[{'type': 'Satellite', 'mass': 14260, 'orbit': 'VLEO'}]",Falcon 9,0,70.0,,549054.0,KSC LC 39A,Florida,"(28.6080585, -80.6039558)",,ASOG,ASDS,Florida,"(33.7291858, -118.262015)",Success
2022-02-21T14:44:00.000Z,Starlink 4-8 (v1.5),"[{'type': 'Satellite', 'mass': 12730, 'orbit': 'VLEO'}]",Falcon 9,0,,3.7,549054.0,CCSFS SLC 40,Florida,"(28.5618571, -80.577366)",,ASOG,ASDS,,"(33.7291858, -118.262015)",Success
2022-02-25T17:12:00.000Z,Starlink 4-11 (v1.5),"[{'type': 'Satellite', 'mass': 14760, 'orbit': 'VLEO'}]",Falcon 9,0,,3.7,,VAFB SLC 4E,California,"(34.632093, -120.610829)",,OCISLY,ASDS,,"(33.7291858, -118.262015)",Success
2022-03-03T14:35:00.000Z,Starlink 4-9 (v1.5),"[{'type': 'Satellite', 'mass': 13960, 'orbit': 'VLEO'}]",Falcon 9,0,70.0,,549054.0,KSC LC 39A,Florida,"(28.6080585, -80.6039558)",,JRTI,ASDS,,"(28.4104, -80.6188)",Success
2022-03-09T13:45:00.000Z,Starlink 4-10 (v1.5),"[{'type': 'Satellite', 'mass': 14160, 'orbit': 'VLEO'}]",Falcon 9,0,,3.7,,CCSFS SLC 40,Florida,"(28.5618571, -80.577366)",,ASOG,ASDS,Florida,"(33.7291858, -118.262015)",Success
2022-03-19T03:24:00.000Z,Starlink 4-12 (v1.5),"[{'type': 'Satellite', 'mass': 16250, 'orbit': 'VLEO'}]",Falcon 9,0,70.0,3.7,549054.0,CCSFS SLC 40,Florida,"(28.5618571, -80.577366)",,JRTI,ASDS,Florida,"(28.4104, -80.6188)",Success
2022-04-01T16:24:00.000Z,Transporter-4,"[{'type': 'Satellite', 'mass': 12690, 'orbit': 'SSO'}]",Falcon 9,0,70.0,3.7,549054.0,CCSFS SLC 40,Florida,"(28.5618571, -80.577366)",,JRTI,ASDS,Florida,"(28.4104, -80.6188)",Success
2022-04-08T15:17:00.000Z,Ax-1,"[{'type': 'Dragon 2.0', 'mass': 13400, 'orbit': 'ISS'}]",Falcon 9,0,70.0,3.7,549054.0,KSC LC 39A,Florida,"(28.6080585, -80.6039558)",,ASOG,ASDS,Florida,"(33.7291858, -118.262015)",Success
2022-04-17T13:13:00.000Z,NROL-85,"[{'type': 'Satellite', 'mass': 4567, 'orbit': 'LEO'}]",Falcon 9,0,70.0,3.7,,VAFB SLC 4E,California,"(34.632093, -120.610829)",,LZ-4,RTLS,California,"(34.632989, -120.615167)",Success
2022-04-21T15:16:00.000Z,Starlink 4-14 (v1.5),"[{'type': 'Satellite', 'mass': 16145, 'orbit': 'VLEO'}]",Falcon 9,0,,3.7,549054.0,CCSFS SLC 40,Florida,"(28.5618571, -80.577366)",,JRTI,ASDS,,"(28.4104, -80.6188)",Success
2022-04-27T07:52:00.000Z,Crew-4,"[{'type': 'Crew Dragon', 'mass': 12756, 'orbit': 'ISS'}]",Falcon 9,0,70.0,3.7,549054.0,KSC LC 39A,Florida,"(28.6080585, -80.6039558)",,ASOG,ASDS,,"(33.7291858, -118.262015)",Success
2022-04-29T21:27:00.000Z,Starlink 4-16 (v1.5),"[{'type': 'Satellite', 'mass': 16070, 'orbit': 'VLEO'}]",Falcon 9,0,70.0,3.7,,CCSFS SLC 40,Florida,"(28.5618571, -80.577366)",,JRTI,ASDS,,"(28.4104, -80.6188)",Success
2022-05-06T09:42:00.000Z,Starlink 4-17 (v1.5),"[{'type': 'Satellite', 'mass': 16795, 'orbit': 'VLEO'}]",Falcon 9,0,70.0,3.7,549054.0,KSC LC 39A,Florida,"(28.6080585, -80.6039558)",,ASOG,ASDS,Florida,"(33.7291858, -118.262015)",Success
2022-05-13T22:07:00.000Z,Starlink 4-13 (v1.5),"[{'type': 'Satellite', 'mass': 13255, 'orbit': 'VLEO'}]",Falcon 9,0,70.0,3.7,549054.0,VAFB SLC 4E,California,"(34.632093, -120.610829)",,OCISLY,ASDS,California,"(33.7291858, -118.262015)",Success
2022-05-14T20:40:00.000Z,Starlink 4-15 (v1.5),"[{'type': 'Satellite', 'mass': 13275, 'orbit': 'VLEO'}]",Falcon 9,0,70.0,,549054.0,CCSFS SLC 40,Florida,"(28.5618571, -80.577366)",,JRTI,ASDS,,"(28.4104, -80.6188)",Success
2022-05-18T10:40:00.000Z,Starlink 4-18 (v1.5),"[{'type': 'Satellite', 'mass': 13216, 'orbit': 'VLEO'}]",Falcon 9,0,70.0,3.7,549054.0,KSC LC 39A,Florida,"(28.6080585, -80.6039558)",,ASOG,ASDS,Florida,"(33.7291858, -118.262015)",Success
2022-05-25T18:27:00.000Z,Transporter-5,"[{'type': 'Satellite', 'mass': None, 'orbit': 'SSO'}]",Falcon 9,0,70.0,3.7,549054.0,CCSFS SLC 40,Florida,"(28.5618571, -80.577366)",,LZ-1,RTLS,Florida,"(28.485833, -80.544444)",Success
2022-06-08T21:04:00.000Z,Nilesat-301,"[{'type': 'Satellite', 'mass': 3938, 'orbit': 'GEO'}]",Falcon 9,0,70.0,,549054.0,CCSFS SLC 40,Florida,"(28.5618571, -80.577366)",,JRTI,ASDS,,"(28.4104, -80.6188)",Success
2022-06-01T17:08:50.000Z,Starlink 4-19 (v1.5),"[{'type': 'Satellite', 'mass': 13260, 'orbit': 'VLEO'}]",Falcon 9,0,70.0,3.7,549054.0,KSC LC 39A,Florida,"(28.6080585, -80.6039558)",,ASOG,ASDS,Florida,"(33.7291858, -118.262015)",Success
2022-06-18T14:19:00.000Z,SARah 1,"[{'type': 'Satellite', 'mass': 2200, 'orbit': 'SSO'}]",Falcon 9,0,70.0,,549054.0,VAFB SLC 4E,California,"(34.632093, -120.610829)",,LZ-4,RTLS,California,"(34.632989, -120.615167)",Success
2022-06-19T04:27:00.000Z,Globalstar FM15,"[{'type': 'Satellite', 'mass': 650, 'orbit': 'LEO'}]",Falcon 9,0,70.0,3.7,549054.0,CCSFS SLC 40,Florida,"(28.5618571, -80.577366)",,JRTI,ASDS,,"(28.4104, -80.6188)",Success
2022-06-29T21:04:00.000Z,SES-22,"[{'type': 'Satellite', 'mass': 3369, 'orbit': 'MEO'}]",Falcon 9,0,70.0,3.7,,CCSFS SLC 40,Florida,"(28.5618571, -80.577366)",,ASOG,ASDS,Florida,"(33.7291858, -118.262015)",Success
2022-07-07T13:11:00.000Z,Starlink 4-21 (v1.5),"[{'type': 'Satellite', 'mass': 13260, 'orbit': 'VLEO'}]",Falcon 9,0,70.0,,,CCSFS SLC 40,Florida,"(28.5618571, -80.577366)",,JRTI,ASDS,Florida,"(28.4104, -80.6188)",Success
2022-07-11T01:39:00.000Z,Starlink 3-1 (v1.5),"[{'type': 'Satellite', 'mass': 13260, 'orbit': 'VLEO'}]",Falcon 9,0,70.0,,549054.0,VAFB SLC 4E,California,"(34.632093, -120.610829)",,OCISLY,ASDS,California,"(33.7291858, -118.262015)",Success
2022-07-15T00:44:00.000Z,CRS-25,"[{'type': 'Dragon 2.0', 'mass': None, 'orbit': 'ISS'}]",Falcon 9,0,70.0,3.7,549054.0,KSC LC 39A,Florida,"(28.6080585, -80.6039558)",,ASOG,ASDS,Florida,"(33.7291858, -118.262015)",Success
2022-07-17T14:50:00.000Z,Starlink 4-22 (v1.5),"[{'type': 'Satellite', 'mass': 13260, 'orbit': 'VLEO'}]",Falcon 9,0,70.0,,549054.0,CCSFS SLC 40,Florida,"(28.5618571, -80.577366)",,JRTI,ASDS,Florida,"(28.4104, -80.6188)",Success
2022-07-21T17:13:00.000Z,Starlink 3-2 (v1.5),"[{'type': 'Satellite', 'mass': 14100, 'orbit': 'VLEO'}]",Falcon 9,0,70.0,,549054.0,VAFB SLC 4E,California,"(34.632093, -120.610829)",,OCISLY,ASDS,California,"(33.7291858, -118.262015)",Success
2022-07-24T00:00:00.000Z,Starlink 4-25 (v1.5),"[{'type': 'Satellite', 'mass': 13260, 'orbit': 'VLEO'}]",Falcon 9,0,70.0,3.7,549054.0,CCSFS SLC 40,Florida,"(28.5618571, -80.577366)",,ASOG,ASDS,Florida,"(33.7291858, -118.262015)",Success
2022-08-04T23:08:00.000Z,KPLO,"[{'type': 'Satellite', 'mass': 678, 'orbit': 'TLI'}]",Falcon 9,0,,3.7,549054.0,CCSFS SLC 40,Florida,"(28.5618571, -80.577366)",,JRTI,ASDS,Florida,"(28.4104, -80.6188)",Success
2022-08-09T22:57:00.000Z,Starlink 4-26 (v1.5),"[{'type': 'Satellite', 'mass': 13260, 'orbit': 'VLEO'}]",Falcon 9,0,70.0,3.7,549054.0,KSC LC 39A,Florida,"(28.6080585, -80.6039558)",,ASOG,ASDS,,"(33.7291858, -118.262015)",Success
2022-08-12T21:30:00.000Z,Starlink 3-3 (v1.5),"[{'type': 'Satellite', 'mass': 13260, 'orbit': 'VLEO'}]",Falcon 9,0,,3.7,,VAFB SLC 4E,California,"(34.632093, -120.610829)",,OCISLY,ASDS,California,"(33.7291858, -118.262015)",Success
2022-08-19T19:24:00.000Z,Starlink 4-27 (v1.5),"[{'type': 'Satellite', 'mass': 16000, 'orbit': 'VLEO'}]",Falcon 9,0,70.0,3.7,549054.0,CCSFS SLC 40,Florida,"(28.5618571, -80.577366)",,ASOG,ASDS,Florida,"(33.7291858, -118.262015)",Success
2022-08-28T02:22:00.000Z,Starlink 4-23 (v1.5),"[{'type': 'Satellite', 'mass': 13260, 'orbit': 'VLEO'}]",Falcon 9,0,70.0,,549054.0,KSC LC 39A,Florida,"(28.6080585, -80.6039558)",,ASOG,ASDS,Florida,"(33.7291858, -118.262015)",Success
2022-08-31T05:40:00.000Z,Starlink 3-4 (v1.5),"[{'type': 'Satellite', 'mass': 13260, 'orbit': 'VLEO'}]",Falcon 9,0,70.0,,549054.0,VAFB SLC 4E,California,"(34.632093, -120.610829)",,OCISLY,ASDS,California,"(33.7291858, -118.262015)",Success
2022-09-05T02:09:00.000Z,Starlink 4-20 (v1.5) & Sherpa LTC-2/Varuna-TDM,"[{'type': 'Satellite', 'mass': 13260, 'orbit': 'VLEO'}, {'type': 'Satellite', 'mass': 180, 'orbit': 'VLEO'}]",Falcon 9,0,,3.7,549054.0,CCSFS SLC 40,Florida,"(28.5618571, -80.577366)",,JRTI,ASDS,Florida,"(28.4104, -80.6188)",Success
2022-09-11T01:10:00.000Z,Starlink 4-2 (v1.5) & Blue Walker 3,"[{'type': 'Satellite', 'mass': 14760, 'orbit': 'VLEO'}]",Falcon 9,0,70.0,3.7,,KSC LC 39A,Florida,"(28.6080585, -80.6039558)",,ASOG,ASDS,Florida,"(33.7291858, -118.262015)",Success
2022-09-17T01:05:00.000Z,Starlink 4-34 (v1.5),"[{'type': 'Satellite', 'mass': 16100, 'orbit': 'VLEO'}]",Falcon 9,0,,3.7,549054.0,CCSFS SLC 40,Florida,"(28.5618571, -80.577366)",,JRTI,ASDS,Florida,"(28.4104, -80.6188)",Success
2022-09-24T23:30:00.000Z,Starlink 4-35 (v1.5),"[{'type': 'Satellite', 'mass': 13260, 'orbit': 'VLEO'}]",Falcon 9,0,70.0,3.7,,CCSFS SLC 40,Florida,"(28.5618571, -80.577366)",,JRTI,ASDS,Florida,"(28.4104, -80.6188)",Success
2022-10-05T16:00:00.000Z,Crew-5,"[{'type': 'Crew Dragon', 'mass': None, 'orbit': 'ISS'}]",Falcon 9,0,70.0,3.7,549054.0,KSC LC 39A,Florida,"(28.6080585, -80.6039558)",,JRTI,ASDS,,"(28.4104, -80.6188)",Success
2022-11-01T13:41:00.000Z,USSF-44,"[{'type': 'Satellite', 'mass': 3700, 'orbit': 'GTO'}]",Falcon Heavy,2,70.0,,,KSC LC 39A,Florida,"(28.6080585, -80.6039558)",,,,,"(nan, nan)",Success
2022-10-20T14:50:00.000Z,Starlink 4-36 (v1.5),"[{'type': 'Satellite', 'mass': 13260, 'orbit': 'VLEO'}]",Falcon 9,0,,3.7,549054.0,CCSFS SLC 40,Florida,"(28.5618571, -80.577366)",,,,,"(nan, nan)",Success
2022-10-08T23:05:00.000Z,Galaxy 33 (15R) & 34 (12R),"[{'type': 'Satellite', 'mass': 7350, 'orbit': 'GTO'}]",Falcon 9,0,,,,CCSFS SLC 40,Florida,"(28.5618571, -80.577366)",,,,,"(nan, nan)",Success
2022-10-15T05:22:00.000Z,Hotbird 13F,"[{'type': 'Satellite', 'mass': 4501, 'orbit': 'GTO'}]",Falcon 9,0,,3.7,549054.0,CCSFS SLC 40,Florida,"(28.5618571, -80.577366)",,,,,"(nan, nan)",Success
2022-11-03T03:24:00.000Z,Hotbird 13G,"[{'type': 'Satellite', 'mass': 4351, 'orbit': 'GTO'}]",Falcon 9,0,70.0,,,CCSFS SLC 40,Florida,"(28.5618571, -80.577366)",,,,,"(nan, nan)",Success
2022-11-08T00:00:00.000Z,Galaxy 31 (23R) & 32 (17R),"[{'type': 'Satellite', 'mass': 6600, 'orbit': 'GTO'}]",Falcon 9,0,70.0,3.7,549054.0,CCSFS SLC 40,Florida,"(28.5618571, -80.577366)",,,,,"(nan, nan)",Success
2022-11-15T00:00:00.000Z,Eutelsat 10B,"[{'type': 'Satellite', 'mass': 5510, 'orbit': 'GTO'}]",Falcon 9,0,,,549054.0,CCSFS SLC 40,Florida,"(28.5618571, -80.577366)",,,,,"(nan, nan)",Success
2022-11-22T00:00:00.000Z,ispace Mission 1 & Rashid,"[{'type': 'Satellite', 'mass': 5500, 'orbit': 'GTO'}]",Falcon 9,0,70.0,3.7,,CCSFS SLC 40,Florida,"(28.5618571, -80.577366)",,,,,"(nan, nan)",Success
2022-11-18T22:00:00.000Z,CRS-26,[],Falcon 9,0,70.0,3.7,549054.0,KSC LC 39A,Florida,"(28.6080585, -80.6039558)",,,,,"(nan, nan)",Success
2022-11-01T00:00:00.000Z,Starlink 4-37 (v1.5),"[{'type': 'Satellite', 'mass': 3750, 'orbit': 'GTO'}]",Falcon 9,0,70.0,,549054.0,CCSFS SLC 40,Florida,"(28.5618571, -80.577366)",,,,,"(nan, nan)",Success
2022-11-01T00:00:00.000Z,"O3b mPower 1,2","[{'type': 'Satellite', 'mass': 5100, 'orbit': 'MEO'}]",Falcon 9,0,70.0,3.7,549054.0,CCSFS SLC 40,Florida,"(28.5618571, -80.577366)",,,,,"(nan, nan)",Success
2022-12-05T00:00:00.000Z,SWOT,"[{'type': 'Satellite', 'mass': 6000, 'orbit': 'LEO'}]",Falcon 9,0,,3.7,549054.0,VAFB SLC 4E,California,"(34.632093, -120.610829)",,,,,"(nan, nan)",Success
2022-11-01T00:00:00.000Z,SES-18 & SES-19,"[{'type': 'Satellite', 'mass': 1001, 'orbit': 'BLT'}]",Falcon 9,0,70.0,3.7,549054.0,CCSFS SLC 40,Florida,"(28.5618571, -80.577366)",,,,,"(nan, nan)",Success
2022-12-01T00:00:00.000Z,Transporter-6,[],Falcon 9,0,70.0,3.7,549054.0,CCSFS SLC 40,Florida,"(28.5618571, -80.577366)",,,,,"(nan, nan)",Success
2022-12-01T00:00:00.000Z,TTL-1,"[{'type': 'Satellite', 'mass': None, 'orbit': 'PO'}]",Falcon 9,0,70.0,,549054.0,VAFB SLC 4E,California,"(34.632093, -120.610829)",,,,,"(nan, nan)",Success
2022-12-01T00:00:00.000Z,WorldView Legion 1 & 2,"[{'type': 'Satellite', 'mass': None, 'orbit': 'SSO'}]",Falcon 9,0,70.0,,549054.0,CCSFS SLC 40,Florida,"(28.5618571, -80.577366)",,,,,"(nan, nan)",Success
2022-12-01T00:00:00.000Z,Viasat-3 & Arcturus,[],Falcon Heavy,2,70.0,,1420788.0,KSC LC 39A,Florida,"(28.6080585, -80.6039558)",,,,,"(nan, nan)",Success
2022-12-01T00:00:00.000Z,O3b mPower 3.4,"[{'type': 'Satellite', 'mass': 5100, 'orbit': 'MEO'}]",Falcon 9,0,70.0,,,CCSFS SLC 40,Florida,"(28.5618571, -80.577366)",,,,,"(nan, nan)",Success